nombre_evento,ciudad,fecha,categoria,necesidad_especial,precio,descripcion,imagen
Museo de la Ciencia Valladolid,Otro,2025-02-25,Ocio,ninguna,Por confirmar,Disfruta de un espectáculo familiar en Museo de la Ciencia Valladolid en Valladolid el 25 de Febrero de 2025.,
Pueblo Español de Barcelona,Barcelona,2025-07-04,Ocio,auditiva,Por confirmar,Disfruta de un concierto familiar en Pueblo Español de Barcelona en Barcelona el 4 de Julio de 2025.,
Museo Interactivo de la Música Málaga,Málaga,2025-07-05,Ocio,visual,Desde 10€,Disfruta de un espectáculo familiar en Museo Interactivo de la Música Málaga en Málaga el 5 de July de 2025.,
Museo Naval de Madrid,Madrid,2025-02-25,Educación,ninguna,Desde 20€,Disfruta de un exposición familiar en Museo Naval de Madrid en Madrid el 25 de February de 2025.,
Dinópolis Teruel,Otro,2025-04-25,Educación,visual,Desde 30€,Disfruta de un exposición familiar en Dinópolis Teruel en Teruel el 25 de April de 2025.,
Safari Madrid: un viaje salvaje desde tu coche,Madrid,2025-05-09,Ocio,motora,Desde 20€,Diversión asegurada para grandes y pequeños.,https://quehacerconlosninos.es/wp-content/uploads/2025/05/95865940246_o.jpg
Caixabank Madrid live experience 2025: música para todas las edades,Madrid,2025-07-09,Viajes,motora,Desde 20€,Un plan divertido y educativo para disfrutar en familia.,
El pequeño Mozart: música clásica para niños en el teatro Lara,Otro,2025-07-13,Viajes,motora,Desde 10€,Actividad ideal para pasar el fin de semana con los niños.,https://quehacerconlosninos.es/wp-content/uploads/2025/04/el-peuqeno-mozart-teatro-lara-1.jpg
Mira las estrellas con tu familia desde el Nocturnario de Madrid,Otro,2025-09-22,Educación,motora,por confirmar,Diversión asegurada para grandes y pequeños.,https://quehacerconlosninos.es/wp-content/uploads/2025/04/El-nocturnario.jpg
Planes con niños para el fin de semana en Madrid,Otro,2025-10-20,Educación,motora,por confirmar,Un plan divertido y educativo para disfrutar en familia.,https://quehacerconlosninos.es/wp-content/uploads/2025/04/Troula_Errantes_1_M-1.jpg
Talleres en CaixaForum Madrid: actividades creativas y educativas,Sevilla,2025-07-04,Viajes,motora,por confirmar,Una experiencia inolvidable para toda la familia.,https://quehacerconlosninos.es/wp-content/uploads/2025/04/2149632403.jpg
Heron City Las Rozas: actividades y conciertos gratis para niños por su 25 aniversario,Valencia,2025-06-29,Estilo de vida,motora,Desde 20€,Plan perfecto para disfrutar del tiempo libre.,https://quehacerconlosninos.es/wp-content/uploads/2025/04/Centro-de-ocio-Heron-City-Las-Rozas-2.jpg
Madrid Games Con 2025: diversión para toda la familia en Tres Cantos,Barcelona,2025-11-13,Educación,motora,Desde 10€,Oportunidad perfecta para aprender y divertirse.,https://quehacerconlosninos.es/wp-content/uploads/2025/04/Coliseum-Roma-1200x800-1.jpg
Brunch de hadas y pócimas con hielo seco: la fantasía se sirve en Serendipia,Sevilla,2025-10-03,Shopping,motora,por confirmar,Diversión asegurada para grandes y pequeños.,https://quehacerconlosninos.es/wp-content/uploads/2025/04/shop_large_LA_CAZA_ENDULZADA-56.jpg
Los mejores museos de Madrid para ir con niños,Sevilla,2025-09-24,Viajes,motora,por confirmar,Oportunidad perfecta para aprender y divertirse.,https://quehacerconlosninos.es/wp-content/uploads/2025/04/18569-1.jpg
"Así es El Rastro de Madrid para los más pequeños: jugar, buscar tesoros e intercambiar cromos",Valencia,2025-08-31,Salud,motora,Desde 10€,Un plan divertido y educativo para disfrutar en familia.,https://quehacerconlosninos.es/wp-content/uploads/2025/04/pexels-osviel-rodriguez-valdes-716702230-31821307-scaled.jpg
"Restaurante Disney en Madrid, donde la magia cobra vida",Madrid,2025-10-04,Ocio,motora,por confirmar,Diversión asegurada para grandes y pequeños.,
Motocrossity Oasiz Madrid para niños: adrenalina y diversión sobre ruedas,Madrid,2025-09-29,Viajes,motora,Desde 20€,Diversión asegurada para grandes y pequeños.,
Freakcon 2025 Torremolinos: el paraíso friki,Sevilla,2025-06-28,Shopping,motora,Desde 10€,Una experiencia inolvidable para toda la familia.,
"Las mejores verbenas de San Isidro 2025: música, rosquillas y diversión",Madrid,2025-11-04,Ocio,motora,por confirmar,Oportunidad perfecta para aprender y divertirse.,https://quehacerconlosninos.es/wp-content/uploads/2025/04/San-Isidro-en-Madrid-2019-5.jpg
"San Isidro 2025 en Madrid: tradiciones, verbenas y planes para disfrutar con niños",Valencia,2025-06-29,Ocio,motora,por confirmar,Un plan divertido y educativo para disfrutar en familia.,https://quehacerconlosninos.es/wp-content/uploads/2025/04/fiestassanisidro_2022_bailes.jpg
Qué hacer en Madrid en mayo con niños: planes para aprovechar el mes a lo grande,Sevilla,2025-07-08,Estilo de vida,motora,por confirmar,Plan perfecto para disfrutar del tiempo libre.,https://quehacerconlosninos.es/wp-content/uploads/2025/04/JWE-DE-Slider-Dino-Selfies2.jpg
"Feria del Barro de Aranjuez 2025: talleres, conciertos y mucha cerámica este fin de semana",Madrid,2025-08-05,Salud,motora,Desde 20€,Una experiencia inolvidable para toda la familia.,https://quehacerconlosninos.es/wp-content/uploads/2025/04/feria-de-barro-en-Aranjuez.jpg
"The Champions Burger en Las Rozas: hamburguesas XXL, retos y diversión",Sevilla,2025-09-15,Viajes,ninguna,por confirmar,Una experiencia inolvidable para toda la familia.,https://quehacerconlosninos.es/wp-content/uploads/2025/04/Galeria-The-Champions-Burger-38.jpg
Rutas de senderismo en Madrid con bebés: planes tranquilos y naturales,Madrid,2025-10-03,Viajes,motora,por confirmar,Diversión asegurada para grandes y pequeños.,https://quehacerconlosninos.es/wp-content/uploads/2025/04/2150166370.jpg
Programa completo San Isidro 2025 en Madrid,Sevilla,2025-06-16,Viajes,motora,Desde 10€,Un plan divertido y educativo para disfrutar en familia.,
Así es Lola Lolita Land: el festival acuático que los niños no querrán perderse,Sevilla,2025-10-20,Viajes,motora,por confirmar,Oportunidad perfecta para aprender y divertirse.,
"Hop Galaxy, parque infantil en Madrid: una aventura galáctica para los más pequeños",Valencia,2025-10-09,Viajes,motora,por confirmar,Plan perfecto para disfrutar del tiempo libre.,
Los mejores túneles de viento en Madrid para volar con niños,Otro,2025-06-28,Estilo de vida,motora,por confirmar,Actividad ideal para pasar el fin de semana con los niños.,
Los Mundos de Alicia en CaixaForum Madrid gratis para menores de 16 años,Barcelona,2025-07-19,Estilo de vida,motora,Desde 20€,Una experiencia inolvidable para toda la familia.,https://quehacerconlosninos.es/wp-content/uploads/2025/04/Alicia_Frame_Big2.jpg
"Planes con niños en Santa Pola, Torrevieja y Guardamar del Segura: diversión, naturaleza y cultura junto al mar",Sevilla,2025-06-09,Shopping,motora,por confirmar,Diversión asegurada para grandes y pequeños.,https://quehacerconlosninos.es/wp-content/uploads/2025/04/Pola-park-1.jpg
Las mejores rutas de senderismo fáciles cerca de Madrid para hacer en familia,Madrid,2025-06-14,Viajes,motora,gratis,Diversión asegurada para grandes y pequeños.,https://quehacerconlosninos.es/wp-content/uploads/2025/01/2147665056.jpg
Teatro Maravillas de Madrid: cultura y diversión para toda la familia con obras como Peter Pan,Sevilla,2025-06-22,Educación,motora,por confirmar,Plan perfecto para disfrutar del tiempo libre.,https://quehacerconlosninos.es/wp-content/uploads/2025/04/young-kids-rehearsing-play-perform-theatre-stage-scaled.jpg
Planetario de Madrid con niños: exposiciones y proyecciones,Barcelona,2025-09-17,Estilo de vida,motora,Desde 20€,Oportunidad perfecta para aprender y divertirse.,https://quehacerconlosninos.es/wp-content/uploads/2025/03/2151354200.jpg
Enlightenment Madrid: un plan genial con luces y música para disfrutar en familia,Barcelona,2025-08-06,Ocio,motora,por confirmar,Un plan divertido y educativo para disfrutar en familia.,https://quehacerconlosninos.es/wp-content/uploads/2025/04/570799-20241206_apfilmsbe_fever_enlightenment-22-1-f9e403-original-1737024461-scaled.jpg
"Rutas con niños en Madrid, naturaleza, historia y diversión",Otro,2025-10-26,Ocio,motora,gratis,Un plan divertido y educativo para disfrutar en familia.,https://quehacerconlosninos.es/wp-content/uploads/2025/04/Parque-El-Capricho-29.jpg
Autopía 2025: el evento para los amantes del motor,Madrid,2025-09-30,Ocio,motora,por confirmar,Actividad ideal para pasar el fin de semana con los niños.,https://quehacerconlosninos.es/wp-content/uploads/2025/04/12.jpg
"Dónde hacer picnic en Madrid con niños: parques tranquilos, sombra y muchas sorpresas",Valencia,2025-10-01,Ocio,motora,gratis,Plan perfecto para disfrutar del tiempo libre.,https://quehacerconlosninos.es/wp-content/uploads/2025/04/41556.jpg
Jurassic World: The Experience,Madrid,2025-06-30,Ocio,ninguna,por confirmar,Una experiencia inmersiva inspirada en Jurassic Park con dinosaurios a escala real.,
Campamento Urbano 2025,Otro,2025-06-23,Educación,ninguna,desde 10 euros,"Campamento con talleres creativos, deportes y excursiones para niños nacidos entre 2013 y 2021.",
Comic Con Málaga,Málaga,2025-09-25,Ocio,ninguna,desde 20 euros,"Convención de cultura pop con cosplay, exhibiciones y actividades para toda la familia.",
Primavera del Euskera,Otro,2025-05-05,Estilo de vida,ninguna,gratis,Evento cultural con talleres y actividades que fomentan el uso del euskera.,
Campamento de Liberación Emocional,Otro,2025-07-01,Salud,ninguna,gratis,Campamento gratuito para hijos de personas con cáncer con actividades acuáticas y culturales.,
